LowerClade,LowerTaxon,UpperClade,UpperTaxon,SeasonW,MonthlyW,WeeklyW,DailyW,SeasonS,MonthlyS,WeeklyS,DailyS
Bird,Anthus_sp.,Bird,Accipiter_gentilis,FALSE,FALSE,FALSE,FALSE,TRUE,FALSE,FALSE,FALSE
Mammal,Arvicola_terrestris,Bird,Accipiter_gentilis,FALSE,FALSE,FALSE,FALSE,FALSE,FALSE,FALSE,FALSE
Bird,Bonasa_bonasia,Bird,Accipiter_gentilis,FALSE,FALSE,FALSE,FALSE,FALSE,FALSE,FALSE,FALSE
Bird,Carduelis_chloris,Bird,Accipiter_gentilis,TRUE,FALSE,FALSE,FALSE,TRUE,FALSE,FALSE,FALSE
Mammal,Clethrionomys_glareolus,Bird,Accipiter_gentilis,TRUE,TRUE,FALSE,FALSE,TRUE,TRUE,FALSE,FALSE
Bird,Coccothraustes_coccothraustes,Bird,Accipiter_gentilis,TRUE,TRUE,FALSE,FALSE,TRUE,FALSE,FALSE,FALSE
Bird,Columba_palumbus,Bird,Accipiter_gentilis,TRUE,FALSE,FALSE,FALSE,TRUE,FALSE,FALSE,FALSE
Bird,Corvus_corone,Bird,Accipiter_gentilis,FALSE,FALSE,FALSE,FALSE,FALSE,FALSE,FALSE,FALSE
Bird,Corvus_frugilegus,Bird,Accipiter_gentilis,FALSE,FALSE,FALSE,FALSE,FALSE,FALSE,FALSE,FALSE
Bird,Cuculus_canorus,Bird,Accipiter_gentilis,FALSE,FALSE,FALSE,FALSE,TRUE,FALSE,FALSE,FALSE
Bird,Dendrocopos_leucotos,Bird,Accipiter_gentilis,TRUE,TRUE,FALSE,FALSE,TRUE,TRUE,FALSE,FALSE
Bird,Dendrocopos_major,Bird,Accipiter_gentilis,TRUE,TRUE,FALSE,FALSE,TRUE,TRUE,FALSE,FALSE
Bird,Dendrocopos_medius,Bird,Accipiter_gentilis,TRUE,TRUE,TRUE,FALSE,TRUE,TRUE,FALSE,FALSE
Bird,Dryocopus_martius,Bird,Accipiter_gentilis,FALSE,FALSE,FALSE,FALSE,FALSE,FALSE,FALSE,FALSE
Mammal,Dryomys_nitedula,Bird,Accipiter_gentilis,TRUE,FALSE,FALSE,FALSE,FALSE,FALSE,FALSE,FALSE
Bird,Erithacus_rubecula,Bird,Accipiter_gentilis,FALSE,FALSE,FALSE,FALSE,FALSE,FALSE,FALSE,FALSE
Bird,Ficedula_hypoleuca,Bird,Accipiter_gentilis,FALSE,FALSE,FALSE,FALSE,FALSE,FALSE,FALSE,FALSE
Bird,Fringilla_coelebs,Bird,Accipiter_gentilis,FALSE,FALSE,FALSE,FALSE,TRUE,FALSE,FALSE,FALSE
Bird,Garrulus_glandarius,Bird,Accipiter_gentilis,TRUE,TRUE,TRUE,FALSE,TRUE,TRUE,TRUE,FALSE
Bird,Jynx_torquilla,Bird,Accipiter_gentilis,FALSE,FALSE,FALSE,FALSE,FALSE,FALSE,FALSE,FALSE
Bird,Larus_ridibundus,Bird,Accipiter_gentilis,FALSE,FALSE,FALSE,FALSE,FALSE,FALSE,FALSE,FALSE
Mammal,Lepus_europaeus,Bird,Accipiter_gentilis,FALSE,FALSE,FALSE,FALSE,FALSE,FALSE,FALSE,FALSE
Mammal,Micromys_minutus,Bird,Accipiter_gentilis,FALSE,FALSE,FALSE,FALSE,FALSE,FALSE,FALSE,FALSE
Mammal,Microtus_oeconomus,Bird,Accipiter_gentilis,TRUE,FALSE,FALSE,FALSE,TRUE,FALSE,FALSE,FALSE
Reptile,Natrix_natrix,Bird,Accipiter_gentilis,TRUE,FALSE,FALSE,FALSE,FALSE,FALSE,FALSE,FALSE
Bird,Nucifraga_caryocatactes,Bird,Accipiter_gentilis,TRUE,FALSE,FALSE,FALSE,TRUE,FALSE,FALSE,FALSE
Bird,Oriolus_oriolus,Bird,Accipiter_gentilis,FALSE,FALSE,FALSE,FALSE,TRUE,FALSE,FALSE,FALSE
Bird,Parus_major,Bird,Accipiter_gentilis,TRUE,FALSE,FALSE,FALSE,TRUE,FALSE,FALSE,FALSE
Bird,Phylloscopus_sibilatrix,Bird,Accipiter_gentilis,FALSE,FALSE,FALSE,FALSE,FALSE,FALSE,FALSE,FALSE
Bird,Picus_viridis,Bird,Accipiter_gentilis,FALSE,FALSE,FALSE,FALSE,FALSE,FALSE,FALSE,FALSE
Amphibian,Rana_temporaria,Bird,Accipiter_gentilis,TRUE,FALSE,FALSE,FALSE,FALSE,FALSE,FALSE,FALSE
Mammal,Sciurus_vulgaris,Bird,Accipiter_gentilis,TRUE,TRUE,FALSE,FALSE,TRUE,TRUE,FALSE,FALSE
Bird,Sitta_europaea,Bird,Accipiter_gentilis,FALSE,FALSE,FALSE,FALSE,FALSE,FALSE,FALSE,FALSE
Bird,Sturnus_vulgaris,Bird,Accipiter_gentilis,FALSE,FALSE,FALSE,FALSE,TRUE,FALSE,FALSE,FALSE
Mammal,Talpa_europaea,Bird,Accipiter_gentilis,TRUE,FALSE,FALSE,FALSE,TRUE,FALSE,FALSE,FALSE
Bird,Turdus_iliacus,Bird,Accipiter_gentilis,FALSE,FALSE,FALSE,FALSE,TRUE,TRUE,FALSE,FALSE
Bird,Turdus_merula,Bird,Accipiter_gentilis,FALSE,FALSE,FALSE,FALSE,TRUE,TRUE,TRUE,FALSE
Bird,Turdus_philomelos,Bird,Accipiter_gentilis,FALSE,FALSE,FALSE,FALSE,TRUE,TRUE,TRUE,FALSE
Bird,Undet._birds,Bird,Accipiter_gentilis,TRUE,TRUE,FALSE,FALSE,TRUE,TRUE,FALSE,FALSE
Bird,Vanellus_vanellus,Bird,Accipiter_gentilis,FALSE,FALSE,FALSE,FALSE,FALSE,FALSE,FALSE,FALSE
Bird,Aegithalos_caudatus,Bird,Accipiter_nisus,FALSE,FALSE,FALSE,FALSE,FALSE,FALSE,FALSE,FALSE
Bird,Alauda_arvensis,Bird,Accipiter_nisus,FALSE,FALSE,FALSE,FALSE,TRUE,FALSE,FALSE,FALSE
Bird,Anthus_sp.,Bird,Accipiter_nisus,FALSE,FALSE,FALSE,FALSE,TRUE,FALSE,FALSE,FALSE
Mammal,Apodemus_sylvaticus,Bird,Accipiter_nisus,TRUE,FALSE,FALSE,FALSE,TRUE,FALSE,FALSE,FALSE
Bird,Carduelis_chloris,Bird,Accipiter_nisus,TRUE,FALSE,FALSE,FALSE,TRUE,FALSE,FALSE,FALSE
Bird,Certhia_familiaris,Bird,Accipiter_nisus,TRUE,FALSE,FALSE,FALSE,TRUE,FALSE,FALSE,FALSE
Mammal,Clethrionomys_glareolus,Bird,Accipiter_nisus,TRUE,TRUE,FALSE,FALSE,TRUE,TRUE,FALSE,FALSE
Bird,Coccothraustes_coccothraustes,Bird,Accipiter_nisus,TRUE,TRUE,FALSE,FALSE,TRUE,TRUE,FALSE,FALSE
Bird,Columba_livia,Bird,Accipiter_nisus,FALSE,FALSE,FALSE,FALSE,FALSE,FALSE,FALSE,FALSE
Bird,Dendrocopos_major,Bird,Accipiter_nisus,TRUE,TRUE,FALSE,FALSE,TRUE,TRUE,FALSE,FALSE
Bird,Dendrocopos_medius,Bird,Accipiter_nisus,TRUE,TRUE,FALSE,FALSE,TRUE,TRUE,FALSE,FALSE
Bird,Dendrocopos_minor,Bird,Accipiter_nisus,TRUE,TRUE,TRUE,FALSE,TRUE,TRUE,FALSE,FALSE
Bird,Emberiza_citrinella,Bird,Accipiter_nisus,TRUE,TRUE,FALSE,FALSE,TRUE,TRUE,FALSE,FALSE
Bird,Emberiza_schoeniclus,Bird,Accipiter_nisus,FALSE,FALSE,FALSE,FALSE,FALSE,FALSE,FALSE,FALSE
Bird,Erithacus_rubecula,Bird,Accipiter_nisus,FALSE,FALSE,FALSE,FALSE,TRUE,TRUE,TRUE,FALSE
Bird,Ficedula_hypoleuca,Bird,Accipiter_nisus,FALSE,FALSE,FALSE,FALSE,TRUE,FALSE,FALSE,FALSE
Bird,Fringilla_coelebs,Bird,Accipiter_nisus,FALSE,FALSE,FALSE,FALSE,TRUE,TRUE,TRUE,FALSE
Bird,Garrulus_glandarius,Bird,Accipiter_nisus,TRUE,FALSE,FALSE,FALSE,TRUE,FALSE,FALSE,FALSE
Bird,Hippolais_icterina,Bird,Accipiter_nisus,FALSE,FALSE,FALSE,FALSE,FALSE,FALSE,FALSE,FALSE
Bird,Hirundo_rustica,Bird,Accipiter_nisus,FALSE,FALSE,FALSE,FALSE,TRUE,FALSE,FALSE,FALSE
Bird,Lanius_collurio,Bird,Accipiter_nisus,FALSE,FALSE,FALSE,FALSE,TRUE,FALSE,FALSE,FALSE
Mammal,Microtus_oeconomus,Bird,Accipiter_nisus,TRUE,FALSE,FALSE,FALSE,TRUE,FALSE,FALSE,FALSE
Bird,Motacilla_flava,Bird,Accipiter_nisus,FALSE,FALSE,FALSE,FALSE,TRUE,FALSE,FALSE,FALSE
Bird,Nucifraga_caryocatactes,Bird,Accipiter_nisus,FALSE,FALSE,FALSE,FALSE,FALSE,FALSE,FALSE,FALSE
Bird,Oriolus_oriolus,Bird,Accipiter_nisus,FALSE,FALSE,FALSE,FALSE,FALSE,FALSE,FALSE,FALSE
Bird,Parus_caeruleus,Bird,Accipiter_nisus,TRUE,TRUE,TRUE,FALSE,TRUE,TRUE,TRUE,FALSE
Bird,Parus_major,Bird,Accipiter_nisus,TRUE,TRUE,TRUE,FALSE,TRUE,TRUE,TRUE,FALSE
Bird,Phylloscopus_collybita,Bird,Accipiter_nisus,FALSE,FALSE,FALSE,FALSE,TRUE,FALSE,FALSE,FALSE
Bird,Phylloscopus_sibilatrix,Bird,Accipiter_nisus,FALSE,FALSE,FALSE,FALSE,TRUE,TRUE,FALSE,FALSE
Bird,Picoides_tridactylus,Bird,Accipiter_nisus,TRUE,FALSE,FALSE,FALSE,TRUE,FALSE,FALSE,FALSE
Bird,Prunella_modularis,Bird,Accipiter_nisus,TRUE,TRUE,FALSE,FALSE,TRUE,FALSE,FALSE,FALSE
Bird,Pyrrhula_pyrrhula,Bird,Accipiter_nisus,TRUE,FALSE,FALSE,FALSE,TRUE,FALSE,FALSE,FALSE
Bird,Regulus_regulus,Bird,Accipiter_nisus,FALSE,FALSE,FALSE,FALSE,FALSE,FALSE,FALSE,FALSE
Bird,Riparia_riparia,Bird,Accipiter_nisus,FALSE,FALSE,FALSE,FALSE,TRUE,FALSE,FALSE,FALSE
Bird,Scolopax_rusticola,Bird,Accipiter_nisus,FALSE,FALSE,FALSE,FALSE,FALSE,FALSE,FALSE,FALSE
Mammal,Sicista_betulina,Bird,Accipiter_nisus,FALSE,FALSE,FALSE,FALSE,FALSE,FALSE,FALSE,FALSE
Bird,Sitta_europaea,Bird,Accipiter_nisus,TRUE,TRUE,FALSE,FALSE,TRUE,TRUE,FALSE,FALSE
Bird,Sturnus_vulgaris,Bird,Accipiter_nisus,FALSE,FALSE,FALSE,FALSE,FALSE,FALSE,FALSE,FALSE
Bird,Sylvia_atricapilla,Bird,Accipiter_nisus,TRUE,TRUE,FALSE,FALSE,TRUE,FALSE,FALSE,FALSE
Bird,Sylvia_communis,Bird,Accipiter_nisus,FALSE,FALSE,FALSE,FALSE,TRUE,FALSE,FALSE,FALSE
Bird,Tringa_ochropus,Bird,Accipiter_nisus,FALSE,FALSE,FALSE,FALSE,FALSE,FALSE,FALSE,FALSE
Bird,Troglodytes_troglodytes,Bird,Accipiter_nisus,TRUE,FALSE,FALSE,FALSE,TRUE,FALSE,FALSE,FALSE
Bird,Turdus_merula,Bird,Accipiter_nisus,FALSE,FALSE,FALSE,FALSE,TRUE,TRUE,FALSE,FALSE
Bird,Turdus_philomelos,Bird,Accipiter_nisus,FALSE,FALSE,FALSE,FALSE,TRUE,TRUE,FALSE,FALSE
Mammal,Undet._bats,Bird,Accipiter_nisus,FALSE,FALSE,FALSE,FALSE,FALSE,FALSE,FALSE,FALSE
Bird,Undet._birds,Bird,Accipiter_nisus,TRUE,TRUE,FALSE,FALSE,TRUE,TRUE,FALSE,FALSE
Mammal,Apodemus_flavicollis,Bird,Aegolius_funereus,TRUE,TRUE,FALSE,FALSE,TRUE,TRUE,FALSE,FALSE
Mammal,Apodemus_sylvaticus,Bird,Aegolius_funereus,TRUE,TRUE,FALSE,FALSE,TRUE,TRUE,FALSE,FALSE
Bird,Certhia_familiaris,Bird,Aegolius_funereus,TRUE,FALSE,FALSE,FALSE,TRUE,FALSE,FALSE,FALSE
Mammal,Clethrionomys_glareolus,Bird,Aegolius_funereus,TRUE,TRUE,TRUE,FALSE,TRUE,TRUE,TRUE,FALSE
Bird,Dendrocopos_medius,Bird,Aegolius_funereus,FALSE,FALSE,FALSE,FALSE,FALSE,FALSE,FALSE,FALSE
Bird,Erithacus_rubecula,Bird,Aegolius_funereus,FALSE,FALSE,FALSE,FALSE,TRUE,FALSE,FALSE,FALSE
Mammal,Micromys_minutus,Bird,Aegolius_funereus,TRUE,FALSE,FALSE,FALSE,TRUE,FALSE,FALSE,FALSE
Mammal,Microtus_agrestis,Bird,Aegolius_funereus,TRUE,TRUE,FALSE,FALSE,TRUE,TRUE,FALSE,FALSE
Mammal,Microtus_arvalis,Bird,Aegolius_funereus,TRUE,TRUE,FALSE,FALSE,TRUE,TRUE,FALSE,FALSE
Bird,Parus_caeruleus,Bird,Aegolius_funereus,TRUE,TRUE,FALSE,FALSE,TRUE,TRUE,FALSE,FALSE
Bird,Parus_major,Bird,Aegolius_funereus,TRUE,TRUE,FALSE,FALSE,TRUE,TRUE,FALSE,FALSE
Bird,Phylloscopus_sibilatrix,Bird,Aegolius_funereus,FALSE,FALSE,FALSE,FALSE,TRUE,FALSE,FALSE,FALSE
Mammal,Pitymys_subterraneus,Bird,Aegolius_funereus,TRUE,FALSE,FALSE,FALSE,TRUE,FALSE,FALSE,FALSE
Bird,Regulus_regulus,Bird,Aegolius_funereus,TRUE,TRUE,FALSE,FALSE,TRUE,TRUE,FALSE,FALSE
Mammal,Sicista_betulina,Bird,Aegolius_funereus,TRUE,FALSE,FALSE,FALSE,TRUE,FALSE,FALSE,FALSE
Mammal,Sorex_araneus,Bird,Aegolius_funereus,TRUE,FALSE,FALSE,FALSE,TRUE,FALSE,FALSE,FALSE
Mammal,Sorex_minutus,Bird,Aegolius_funereus,TRUE,TRUE,FALSE,FALSE,TRUE,TRUE,FALSE,FALSE
Bird,Turdus_philomelos,Bird,Aegolius_funereus,FALSE,FALSE,FALSE,FALSE,TRUE,FALSE,FALSE,FALSE
Bird,Undet._birds,Bird,Aegolius_funereus,TRUE,FALSE,FALSE,FALSE,TRUE,FALSE,FALSE,FALSE
Bird,Alauda_arvensis,Bird,Aquila_pomarina,FALSE,FALSE,FALSE,FALSE,TRUE,TRUE,FALSE,FALSE
Mammal,Apodemus_flavicollis,Bird,Aquila_pomarina,FALSE,FALSE,FALSE,FALSE,FALSE,FALSE,FALSE,FALSE
Mammal,Apodemus_sylvaticus,Bird,Aquila_pomarina,FALSE,FALSE,FALSE,FALSE,TRUE,FALSE,FALSE,FALSE
Mammal,Arvicola_terrestris,Bird,Aquila_pomarina,FALSE,FALSE,FALSE,FALSE,TRUE,TRUE,FALSE,FALSE
Bird,Carduelis_chloris,Bird,Aquila_pomarina,FALSE,FALSE,FALSE,FALSE,FALSE,FALSE,FALSE,FALSE
Bird,Certhia_familiaris,Bird,Aquila_pomarina,FALSE,FALSE,FALSE,FALSE,FALSE,FALSE,FALSE,FALSE
Mammal,Clethrionomys_glareolus,Bird,Aquila_pomarina,FALSE,FALSE,FALSE,FALSE,TRUE,TRUE,FALSE,FALSE
Bird,Corvus_corone,Bird,Aquila_pomarina,FALSE,FALSE,FALSE,FALSE,FALSE,FALSE,FALSE,FALSE
Bird,Dendrocopos_major,Bird,Aquila_pomarina,FALSE,FALSE,FALSE,FALSE,FALSE,FALSE,FALSE,FALSE
Bird,Emberiza_citrinella,Bird,Aquila_pomarina,FALSE,FALSE,FALSE,FALSE,TRUE,FALSE,FALSE,FALSE
Bird,Emberiza_schoeniclus,Bird,Aquila_pomarina,FALSE,FALSE,FALSE,FALSE,FALSE,FALSE,FALSE,FALSE
Mammal,Erinaceus_concolor,Bird,Aquila_pomarina,FALSE,FALSE,FALSE,FALSE,FALSE,FALSE,FALSE,FALSE
Bird,Garrulus_glandarius,Bird,Aquila_pomarina,FALSE,FALSE,FALSE,FALSE,FALSE,FALSE,FALSE,FALSE
Mammal,Glis_glis,Bird,Aquila_pomarina,FALSE,FALSE,FALSE,FALSE,FALSE,FALSE,FALSE,FALSE
Mammal,Lepus_europaeus,Bird,Aquila_pomarina,FALSE,FALSE,FALSE,FALSE,FALSE,FALSE,FALSE,FALSE
Mammal,Micromys_minutus,Bird,Aquila_pomarina,FALSE,FALSE,FALSE,FALSE,FALSE,FALSE,FALSE,FALSE
Mammal,Microtus_agrestis,Bird,Aquila_pomarina,FALSE,FALSE,FALSE,FALSE,TRUE,TRUE,TRUE,FALSE
Mammal,Microtus_arvalis,Bird,Aquila_pomarina,FALSE,FALSE,FALSE,FALSE,TRUE,TRUE,TRUE,FALSE
Mammal,Microtus_oeconomus,Bird,Aquila_pomarina,FALSE,FALSE,FALSE,FALSE,TRUE,TRUE,TRUE,FALSE
Mammal,Mus_musculus,Bird,Aquila_pomarina,FALSE,FALSE,FALSE,FALSE,TRUE,FALSE,FALSE,FALSE
Reptile,Natrix_natrix,Bird,Aquila_pomarina,FALSE,FALSE,FALSE,FALSE,TRUE,TRUE,FALSE,FALSE
Mammal,Neomys_anomalus,Bird,Aquila_pomarina,FALSE,FALSE,FALSE,FALSE,FALSE,FALSE,FALSE,FALSE
Mammal,Neomys_fodiens,Bird,Aquila_pomarina,FALSE,FALSE,FALSE,FALSE,FALSE,FALSE,FALSE,FALSE
Bird,Perdix_perdix,Bird,Aquila_pomarina,FALSE,FALSE,FALSE,FALSE,FALSE,FALSE,FALSE,FALSE
Mammal,Pitymys_subterraneus,Bird,Aquila_pomarina,FALSE,FALSE,FALSE,FALSE,TRUE,TRUE,TRUE,FALSE
Amphibian,Rana_arvalis,Bird,Aquila_pomarina,FALSE,FALSE,FALSE,FALSE,TRUE,TRUE,FALSE,FALSE
Amphibian,Rana_temporaria,Bird,Aquila_pomarina,FALSE,FALSE,FALSE,FALSE,TRUE,TRUE,FALSE,FALSE
Mammal,Rattus_norvegicus,Bird,Aquila_pomarina,FALSE,FALSE,FALSE,FALSE,FALSE,FALSE,FALSE,FALSE
Bird,Saxicola_rubetra,Bird,Aquila_pomarina,FALSE,FALSE,FALSE,FALSE,TRUE,FALSE,FALSE,FALSE
Mammal,Sciurus_vulgaris,Bird,Aquila_pomarina,FALSE,FALSE,FALSE,FALSE,FALSE,FALSE,FALSE,FALSE
Mammal,Sorex_araneus,Bird,Aquila_pomarina,FALSE,FALSE,FALSE,FALSE,TRUE,TRUE,TRUE,FALSE
Mammal,Sorex_caecutiens,Bird,Aquila_pomarina,FALSE,FALSE,FALSE,FALSE,TRUE,FALSE,FALSE,FALSE
Mammal,Sorex_minutus,Bird,Aquila_pomarina,FALSE,FALSE,FALSE,FALSE,TRUE,TRUE,FALSE,FALSE
Bird,Sturnus_vulgaris,Bird,Aquila_pomarina,FALSE,FALSE,FALSE,FALSE,FALSE,FALSE,FALSE,FALSE
Mammal,Talpa_europaea,Bird,Aquila_pomarina,FALSE,FALSE,FALSE,FALSE,TRUE,TRUE,FALSE,FALSE
Bird,Turdus_merula,Bird,Aquila_pomarina,FALSE,FALSE,FALSE,FALSE,TRUE,TRUE,FALSE,FALSE
Bird,Turdus_philomelos,Bird,Aquila_pomarina,FALSE,FALSE,FALSE,FALSE,TRUE,TRUE,FALSE,FALSE
Bird,Undet._birds,Bird,Aquila_pomarina,FALSE,FALSE,FALSE,FALSE,TRUE,TRUE,FALSE,FALSE
Mammal,Apodemus_flavicollis,Bird,Asio_otus,TRUE,TRUE,FALSE,FALSE,TRUE,TRUE,TRUE,FALSE
Mammal,Arvicola_terrestris,Bird,Asio_otus,FALSE,FALSE,FALSE,FALSE,TRUE,FALSE,FALSE,FALSE
Mammal,Clethrionomys_glareolus,Bird,Asio_otus,TRUE,TRUE,FALSE,FALSE,TRUE,TRUE,FALSE,FALSE
Mammal,Microtus_agrestis,Bird,Asio_otus,TRUE,TRUE,FALSE,FALSE,TRUE,TRUE,FALSE,FALSE
Mammal,Microtus_arvalis,Bird,Asio_otus,TRUE,TRUE,TRUE,FALSE,TRUE,TRUE,TRUE,TRUE
Mammal,Microtus_oeconomus,Bird,Asio_otus,TRUE,TRUE,FALSE,FALSE,TRUE,TRUE,TRUE,FALSE
Mammal,Mus_musculus,Bird,Asio_otus,TRUE,TRUE,FALSE,FALSE,TRUE,TRUE,FALSE,FALSE
Bird,Undet._birds,Bird,Asio_otus,FALSE,FALSE,FALSE,FALSE,FALSE,FALSE,FALSE,FALSE
Bird,Anthus_sp.,Bird,Buteo_buteo,FALSE,FALSE,FALSE,FALSE,FALSE,FALSE,FALSE,FALSE
Mammal,Apodemus_flavicollis,Bird,Buteo_buteo,TRUE,TRUE,FALSE,FALSE,TRUE,TRUE,FALSE,FALSE
Mammal,Arvicola_terrestris,Bird,Buteo_buteo,FALSE,FALSE,FALSE,FALSE,FALSE,FALSE,FALSE,FALSE
Bird,Bonasa_bonasia,Bird,Buteo_buteo,FALSE,FALSE,FALSE,FALSE,FALSE,FALSE,FALSE,FALSE
Amphibian,Bufo_sp.,Bird,Buteo_buteo,FALSE,FALSE,FALSE,FALSE,TRUE,FALSE,FALSE,FALSE
Mammal,Clethrionomys_glareolus,Bird,Buteo_buteo,TRUE,TRUE,FALSE,FALSE,TRUE,TRUE,TRUE,FALSE
Bird,Coccothraustes_coccothraustes,Bird,Buteo_buteo,FALSE,FALSE,FALSE,FALSE,FALSE,FALSE,FALSE,FALSE
Bird,Columba_palumbus,Bird,Buteo_buteo,FALSE,FALSE,FALSE,FALSE,FALSE,FALSE,FALSE,FALSE
Bird,Dendrocopos_major,Bird,Buteo_buteo,FALSE,FALSE,FALSE,FALSE,TRUE,TRUE,FALSE,FALSE
Bird,Emberiza_citrinella,Bird,Buteo_buteo,TRUE,FALSE,FALSE,FALSE,FALSE,FALSE,FALSE,FALSE
Mammal,Erinaceus_concolor,Bird,Buteo_buteo,FALSE,FALSE,FALSE,FALSE,TRUE,FALSE,FALSE,FALSE
Bird,Erithacus_rubecula,Bird,Buteo_buteo,FALSE,FALSE,FALSE,FALSE,TRUE,FALSE,FALSE,FALSE
Bird,Fringilla_coelebs,Bird,Buteo_buteo,FALSE,FALSE,FALSE,FALSE,TRUE,FALSE,FALSE,FALSE
Bird,Garrulus_glandarius,Bird,Buteo_buteo,FALSE,FALSE,FALSE,FALSE,TRUE,FALSE,FALSE,FALSE
Mammal,Micromys_minutus,Bird,Buteo_buteo,TRUE,FALSE,FALSE,FALSE,TRUE,FALSE,FALSE,FALSE
Mammal,Microtus_agrestis,Bird,Buteo_buteo,TRUE,TRUE,TRUE,FALSE,TRUE,TRUE,FALSE,FALSE
Mammal,Microtus_arvalis,Bird,Buteo_buteo,TRUE,TRUE,TRUE,TRUE,TRUE,TRUE,FALSE,FALSE
Mammal,Microtus_oeconomus,Bird,Buteo_buteo,TRUE,TRUE,TRUE,FALSE,TRUE,TRUE,FALSE,FALSE
Reptile,Natrix_natrix,Bird,Buteo_buteo,FALSE,FALSE,FALSE,FALSE,TRUE,TRUE,FALSE,FALSE
Mammal,Neomys_fodiens,Bird,Buteo_buteo,FALSE,FALSE,FALSE,FALSE,TRUE,FALSE,FALSE,FALSE
Bird,Parus_major,Bird,Buteo_buteo,FALSE,FALSE,FALSE,FALSE,TRUE,FALSE,FALSE,FALSE
Bird,Perdix_perdix,Bird,Buteo_buteo,FALSE,FALSE,FALSE,FALSE,FALSE,FALSE,FALSE,FALSE
Bird,Phylloscopus_sibilatrix,Bird,Buteo_buteo,FALSE,FALSE,FALSE,FALSE,TRUE,FALSE,FALSE,FALSE
Mammal,Pitymys_subterraneus,Bird,Buteo_buteo,FALSE,FALSE,FALSE,FALSE,TRUE,TRUE,FALSE,FALSE
Bird,Prunella_modularis,Bird,Buteo_buteo,FALSE,FALSE,FALSE,FALSE,FALSE,FALSE,FALSE,FALSE
Amphibian,Rana_arvalis,Bird,Buteo_buteo,FALSE,FALSE,FALSE,FALSE,TRUE,FALSE,FALSE,FALSE
Amphibian,Rana_temporaria,Bird,Buteo_buteo,FALSE,FALSE,FALSE,FALSE,FALSE,FALSE,FALSE,FALSE
Mammal,Sciurus_vulgaris,Bird,Buteo_buteo,FALSE,FALSE,FALSE,FALSE,FALSE,FALSE,FALSE,FALSE
Mammal,Sorex_araneus,Bird,Buteo_buteo,FALSE,FALSE,FALSE,FALSE,TRUE,TRUE,FALSE,FALSE
Mammal,Sorex_minutus,Bird,Buteo_buteo,TRUE,TRUE,FALSE,FALSE,TRUE,FALSE,FALSE,FALSE
Mammal,Talpa_europaea,Bird,Buteo_buteo,TRUE,FALSE,FALSE,FALSE,TRUE,TRUE,TRUE,FALSE
Bird,Troglodytes_troglodytes,Bird,Buteo_buteo,FALSE,FALSE,FALSE,FALSE,TRUE,FALSE,FALSE,FALSE
Bird,Turdus_merula,Bird,Buteo_buteo,FALSE,FALSE,FALSE,FALSE,TRUE,TRUE,FALSE,FALSE
Bird,Turdus_philomelos,Bird,Buteo_buteo,FALSE,FALSE,FALSE,FALSE,TRUE,TRUE,TRUE,FALSE
Amphibian,Undet._amphibians,Bird,Buteo_buteo,FALSE,FALSE,FALSE,FALSE,TRUE,FALSE,FALSE,FALSE
Bird,Undet._birds,Bird,Buteo_buteo,FALSE,FALSE,FALSE,FALSE,TRUE,FALSE,FALSE,FALSE
Bird,Upupa_epops,Bird,Buteo_buteo,FALSE,FALSE,FALSE,FALSE,FALSE,FALSE,FALSE,FALSE
Mammal,Bison_bonasus,Mammal,Canis_lupus,FALSE,FALSE,FALSE,FALSE,FALSE,FALSE,FALSE,FALSE
Mammal,Capreolus_capreolus,Mammal,Canis_lupus,TRUE,TRUE,FALSE,FALSE,TRUE,TRUE,FALSE,FALSE
Mammal,Castor_fiber,Mammal,Canis_lupus,FALSE,FALSE,FALSE,FALSE,TRUE,FALSE,FALSE,FALSE
Mammal,Cervus_elaphus,Mammal,Canis_lupus,TRUE,FALSE,FALSE,FALSE,TRUE,FALSE,FALSE,FALSE
Mammal,Clethrionomys_glareolus,Mammal,Canis_lupus,TRUE,TRUE,FALSE,FALSE,TRUE,FALSE,FALSE,FALSE
Bird,Dendrocopos_major,Mammal,Canis_lupus,TRUE,FALSE,FALSE,FALSE,FALSE,FALSE,FALSE,FALSE
Mammal,Erinaceus_concolor,Mammal,Canis_lupus,TRUE,FALSE,FALSE,FALSE,FALSE,FALSE,FALSE,FALSE
Mammal,Lepus_europaeus,Mammal,Canis_lupus,FALSE,FALSE,FALSE,FALSE,TRUE,FALSE,FALSE,FALSE
Mammal,Microtus_oeconomus,Mammal,Canis_lupus,TRUE,TRUE,TRUE,FALSE,FALSE,FALSE,FALSE,FALSE
Reptile,Natrix_natrix,Mammal,Canis_lupus,TRUE,FALSE,FALSE,FALSE,TRUE,FALSE,FALSE,FALSE
Mammal,Sciurus_vulgaris,Mammal,Canis_lupus,FALSE,FALSE,FALSE,FALSE,FALSE,FALSE,FALSE,FALSE
Bird,Sitta_europaea,Mammal,Canis_lupus,TRUE,FALSE,FALSE,FALSE,FALSE,FALSE,FALSE,FALSE
Mammal,Sorex_araneus,Mammal,Canis_lupus,TRUE,TRUE,FALSE,FALSE,FALSE,FALSE,FALSE,FALSE
Mammal,Sus_scrofa,Mammal,Canis_lupus,TRUE,FALSE,FALSE,FALSE,TRUE,FALSE,FALSE,FALSE
Amphibian,Undet._amphibians,Mammal,Canis_lupus,TRUE,FALSE,FALSE,FALSE,TRUE,FALSE,FALSE,FALSE
Bird,Undet._birds,Mammal,Canis_lupus,FALSE,FALSE,FALSE,FALSE,TRUE,FALSE,FALSE,FALSE
Bird,Alauda_arvensis,Bird,Falco_subbuteo,FALSE,FALSE,FALSE,FALSE,TRUE,TRUE,TRUE,FALSE
Bird,Anthus_sp.,Bird,Falco_subbuteo,FALSE,FALSE,FALSE,FALSE,TRUE,TRUE,FALSE,FALSE
Bird,Carduelis_cannabina,Bird,Falco_subbuteo,FALSE,FALSE,FALSE,FALSE,TRUE,TRUE,FALSE,FALSE
Bird,Carduelis_carduelis,Bird,Falco_subbuteo,FALSE,FALSE,FALSE,FALSE,TRUE,TRUE,FALSE,FALSE
Bird,Carduelis_chloris,Bird,Falco_subbuteo,FALSE,FALSE,FALSE,FALSE,TRUE,FALSE,FALSE,FALSE
Mammal,Clethrionomys_glareolus,Bird,Falco_subbuteo,FALSE,FALSE,FALSE,FALSE,TRUE,FALSE,FALSE,FALSE
Bird,Coccothraustes_coccothraustes,Bird,Falco_subbuteo,FALSE,FALSE,FALSE,FALSE,TRUE,FALSE,FALSE,FALSE
Bird,Dendrocopos_major,Bird,Falco_subbuteo,FALSE,FALSE,FALSE,FALSE,FALSE,FALSE,FALSE,FALSE
Bird,Emberiza_citrinella,Bird,Falco_subbuteo,FALSE,FALSE,FALSE,FALSE,TRUE,TRUE,FALSE,FALSE
Bird,Erithacus_rubecula,Bird,Falco_subbuteo,FALSE,FALSE,FALSE,FALSE,FALSE,FALSE,FALSE,FALSE
Bird,Fringilla_coelebs,Bird,Falco_subbuteo,FALSE,FALSE,FALSE,FALSE,TRUE,FALSE,FALSE,FALSE
Bird,Garrulus_glandarius,Bird,Falco_subbuteo,FALSE,FALSE,FALSE,FALSE,FALSE,FALSE,FALSE,FALSE
Bird,Hippolais_icterina,Bird,Falco_subbuteo,FALSE,FALSE,FALSE,FALSE,TRUE,FALSE,FALSE,FALSE
Bird,Hirundo_rustica,Bird,Falco_subbuteo,FALSE,FALSE,FALSE,FALSE,TRUE,TRUE,TRUE,FALSE
Mammal,Microtus_arvalis,Bird,Falco_subbuteo,FALSE,FALSE,FALSE,FALSE,FALSE,FALSE,FALSE,FALSE
Bird,Motacilla_alba,Bird,Falco_subbuteo,FALSE,FALSE,FALSE,FALSE,TRUE,FALSE,FALSE,FALSE
Bird,Motacilla_flava,Bird,Falco_subbuteo,FALSE,FALSE,FALSE,FALSE,TRUE,FALSE,FALSE,FALSE
Bird,Parus_major,Bird,Falco_subbuteo,FALSE,FALSE,FALSE,FALSE,TRUE,FALSE,FALSE,FALSE
Fish,Perca_fluviatilis,Bird,Falco_subbuteo,FALSE,FALSE,FALSE,FALSE,TRUE,FALSE,FALSE,FALSE
Bird,Prunella_modularis,Bird,Falco_subbuteo,FALSE,FALSE,FALSE,FALSE,TRUE,FALSE,FALSE,FALSE
Bird,Saxicola_rubetra,Bird,Falco_subbuteo,FALSE,FALSE,FALSE,FALSE,TRUE,FALSE,FALSE,FALSE
Mammal,Sciurus_vulgaris,Bird,Falco_subbuteo,FALSE,FALSE,FALSE,FALSE,FALSE,FALSE,FALSE,FALSE
Bird,Sitta_europaea,Bird,Falco_subbuteo,FALSE,FALSE,FALSE,FALSE,TRUE,FALSE,FALSE,FALSE
Bird,Sylvia_communis,Bird,Falco_subbuteo,FALSE,FALSE,FALSE,FALSE,TRUE,FALSE,FALSE,FALSE
Bird,Sylvia_sp.,Bird,Falco_subbuteo,FALSE,FALSE,FALSE,FALSE,FALSE,FALSE,FALSE,FALSE
Mammal,Talpa_europaea,Bird,Falco_subbuteo,FALSE,FALSE,FALSE,FALSE,FALSE,FALSE,FALSE,FALSE
Bird,Turdus_merula,Bird,Falco_subbuteo,FALSE,FALSE,FALSE,FALSE,TRUE,FALSE,FALSE,FALSE
Bird,Turdus_philomelos,Bird,Falco_subbuteo,FALSE,FALSE,FALSE,FALSE,TRUE,FALSE,FALSE,FALSE
Mammal,Undet._bats,Bird,Falco_subbuteo,FALSE,FALSE,FALSE,FALSE,TRUE,FALSE,FALSE,FALSE
Bird,Undet._birds,Bird,Falco_subbuteo,FALSE,FALSE,FALSE,FALSE,TRUE,FALSE,FALSE,FALSE
Mammal,Apodemus_flavicollis,Bird,Glaucidium_passerinum,TRUE,TRUE,FALSE,FALSE,TRUE,TRUE,FALSE,FALSE
Bird,Carduelis_carduelis,Bird,Glaucidium_passerinum,FALSE,FALSE,FALSE,FALSE,FALSE,FALSE,FALSE,FALSE
Bird,Carduelis_chloris,Bird,Glaucidium_passerinum,TRUE,FALSE,FALSE,FALSE,TRUE,FALSE,FALSE,FALSE
Bird,Carduelis_spinus,Bird,Glaucidium_passerinum,TRUE,FALSE,FALSE,FALSE,TRUE,FALSE,FALSE,FALSE
Bird,Certhia_familiaris,Bird,Glaucidium_passerinum,TRUE,TRUE,FALSE,FALSE,TRUE,FALSE,FALSE,FALSE
Mammal,Clethrionomys_glareolus,Bird,Glaucidium_passerinum,TRUE,TRUE,TRUE,TRUE,TRUE,TRUE,TRUE,FALSE
Bird,Coccothraustes_coccothraustes,Bird,Glaucidium_passerinum,TRUE,FALSE,FALSE,FALSE,TRUE,FALSE,FALSE,FALSE
Bird,Dendrocopos_major,Bird,Glaucidium_passerinum,FALSE,FALSE,FALSE,FALSE,FALSE,FALSE,FALSE,FALSE
Bird,Erithacus_rubecula,Bird,Glaucidium_passerinum,FALSE,FALSE,FALSE,FALSE,TRUE,TRUE,TRUE,FALSE
Bird,Ficedula_albicollis,Bird,Glaucidium_passerinum,FALSE,FALSE,FALSE,FALSE,TRUE,FALSE,FALSE,FALSE
Bird,Ficedula_hypoleuca,Bird,Glaucidium_passerinum,FALSE,FALSE,FALSE,FALSE,TRUE,TRUE,FALSE,FALSE
Bird,Fringilla_coelebs,Bird,Glaucidium_passerinum,FALSE,FALSE,FALSE,FALSE,TRUE,TRUE,TRUE,FALSE
Bird,Lanius_collurio,Bird,Glaucidium_passerinum,FALSE,FALSE,FALSE,FALSE,FALSE,FALSE,FALSE,FALSE
Mammal,Microtus_oeconomus,Bird,Glaucidium_passerinum,TRUE,FALSE,FALSE,FALSE,TRUE,FALSE,FALSE,FALSE
Bird,Parus_caeruleus,Bird,Glaucidium_passerinum,TRUE,TRUE,TRUE,FALSE,TRUE,TRUE,FALSE,FALSE
Bird,Parus_major,Bird,Glaucidium_passerinum,TRUE,TRUE,FALSE,FALSE,TRUE,TRUE,FALSE,FALSE
Bird,Phoenicurus_phoenicurus,Bird,Glaucidium_passerinum,FALSE,FALSE,FALSE,FALSE,TRUE,FALSE,FALSE,FALSE
Bird,Phylloscopus_sibilatrix,Bird,Glaucidium_passerinum,FALSE,FALSE,FALSE,FALSE,TRUE,TRUE,FALSE,FALSE
Mammal,Pitymys_subterraneus,Bird,Glaucidium_passerinum,TRUE,TRUE,FALSE,FALSE,TRUE,TRUE,FALSE,FALSE
Bird,Pyrrhula_pyrrhula,Bird,Glaucidium_passerinum,TRUE,FALSE,FALSE,FALSE,TRUE,FALSE,FALSE,FALSE
Bird,Regulus_regulus,Bird,Glaucidium_passerinum,TRUE,FALSE,FALSE,FALSE,TRUE,FALSE,FALSE,FALSE
Bird,Serinus_serinus,Bird,Glaucidium_passerinum,FALSE,FALSE,FALSE,FALSE,FALSE,FALSE,FALSE,FALSE
Mammal,Sicista_betulina,Bird,Glaucidium_passerinum,TRUE,TRUE,FALSE,FALSE,TRUE,TRUE,FALSE,FALSE
Bird,Sitta_europaea,Bird,Glaucidium_passerinum,TRUE,FALSE,FALSE,FALSE,TRUE,FALSE,FALSE,FALSE
Mammal,Sorex_araneus,Bird,Glaucidium_passerinum,TRUE,FALSE,FALSE,FALSE,TRUE,FALSE,FALSE,FALSE
Bird,Sylvia_atricapilla,Bird,Glaucidium_passerinum,TRUE,FALSE,FALSE,FALSE,TRUE,FALSE,FALSE,FALSE
Bird,Troglodytes_troglodytes,Bird,Glaucidium_passerinum,TRUE,TRUE,FALSE,FALSE,TRUE,TRUE,FALSE,FALSE
Bird,Undet._birds,Bird,Glaucidium_passerinum,TRUE,FALSE,FALSE,FALSE,TRUE,FALSE,FALSE,FALSE
Fish,Abramis_brama,Mammal,Lutra_lutra,TRUE,TRUE,FALSE,FALSE,FALSE,FALSE,FALSE,FALSE
Bird,Anas_sp.,Mammal,Lutra_lutra,TRUE,FALSE,FALSE,FALSE,TRUE,FALSE,FALSE,FALSE
Mammal,Apodemus_flavicollis,Mammal,Lutra_lutra,TRUE,TRUE,FALSE,FALSE,FALSE,FALSE,FALSE,FALSE
Other,Astacus_sp.,Mammal,Lutra_lutra,TRUE,TRUE,TRUE,FALSE,TRUE,TRUE,FALSE,FALSE
Fish,Blicca_bjoerkna,Mammal,Lutra_lutra,TRUE,TRUE,FALSE,FALSE,TRUE,TRUE,TRUE,FALSE
Amphibian,Bufo_sp.,Mammal,Lutra_lutra,TRUE,TRUE,TRUE,FALSE,TRUE,TRUE,TRUE,FALSE
Fish,Carassius_carassius,Mammal,Lutra_lutra,TRUE,TRUE,TRUE,FALSE,TRUE,TRUE,TRUE,TRUE
Mammal,Clethrionomys_glareolus,Mammal,Lutra_lutra,TRUE,FALSE,FALSE,FALSE,FALSE,FALSE,FALSE,FALSE
Fish,Esox_lucius,Mammal,Lutra_lutra,TRUE,TRUE,TRUE,FALSE,TRUE,TRUE,TRUE,FALSE
Fish,Gasterosteus_aculeatus,Mammal,Lutra_lutra,TRUE,TRUE,TRUE,TRUE,TRUE,TRUE,TRUE,TRUE
Fish,Gobio_gobio,Mammal,Lutra_lutra,TRUE,TRUE,TRUE,TRUE,TRUE,TRUE,TRUE,TRUE
Fish,Gymnocephalus_cernuus,Mammal,Lutra_lutra,TRUE,TRUE,TRUE,FALSE,TRUE,TRUE,TRUE,TRUE
Reptile,Lacerta_sp.,Mammal,Lutra_lutra,TRUE,FALSE,FALSE,FALSE,FALSE,FALSE,FALSE,FALSE
Fish,Leuciscus_idus,Mammal,Lutra_lutra,TRUE,FALSE,FALSE,FALSE,FALSE,FALSE,FALSE,FALSE
Fish,Lota_lota,Mammal,Lutra_lutra,TRUE,TRUE,FALSE,FALSE,TRUE,TRUE,FALSE,FALSE
Fish,Misgurnus_fossilis,Mammal,Lutra_lutra,TRUE,TRUE,TRUE,FALSE,FALSE,FALSE,FALSE,FALSE
Mammal,Neomys_fodiens,Mammal,Lutra_lutra,TRUE,TRUE,FALSE,FALSE,FALSE,FALSE,FALSE,FALSE
Fish,Perca_fluviatilis,Mammal,Lutra_lutra,TRUE,TRUE,TRUE,TRUE,TRUE,TRUE,TRUE,TRUE
Amphibian,Rana_esculenta,Mammal,Lutra_lutra,TRUE,TRUE,TRUE,TRUE,FALSE,FALSE,FALSE,FALSE
Amphibian,Rana_temporaria,Mammal,Lutra_lutra,TRUE,TRUE,TRUE,TRUE,TRUE,TRUE,TRUE,TRUE
Fish,Rutilus_rutilus,Mammal,Lutra_lutra,TRUE,TRUE,TRUE,TRUE,TRUE,TRUE,TRUE,TRUE
Fish,Scardinius_erythrophthalmus,Mammal,Lutra_lutra,TRUE,FALSE,FALSE,FALSE,FALSE,FALSE,FALSE,FALSE
Fish,Tinca_tinca,Mammal,Lutra_lutra,FALSE,FALSE,FALSE,FALSE,FALSE,FALSE,FALSE,FALSE
Amphibian,Undet._amphibians,Mammal,Lutra_lutra,TRUE,TRUE,TRUE,TRUE,TRUE,TRUE,TRUE,TRUE
Bird,Undet._birds,Mammal,Lutra_lutra,FALSE,FALSE,FALSE,FALSE,TRUE,TRUE,FALSE,FALSE
Bird,Bonasa_bonasia,Mammal,Lynx_lynx,TRUE,FALSE,FALSE,FALSE,FALSE,FALSE,FALSE,FALSE
Mammal,Capreolus_capreolus,Mammal,Lynx_lynx,TRUE,TRUE,FALSE,FALSE,TRUE,TRUE,FALSE,FALSE
Mammal,Cervus_elaphus,Mammal,Lynx_lynx,TRUE,FALSE,FALSE,FALSE,TRUE,FALSE,FALSE,FALSE
Mammal,Clethrionomys_glareolus,Mammal,Lynx_lynx,TRUE,FALSE,FALSE,FALSE,FALSE,FALSE,FALSE,FALSE
Mammal,Lepus_europaeus,Mammal,Lynx_lynx,TRUE,TRUE,FALSE,FALSE,TRUE,FALSE,FALSE,FALSE
Mammal,Microtus_oeconomus,Mammal,Lynx_lynx,TRUE,FALSE,FALSE,FALSE,TRUE,TRUE,FALSE,FALSE
Mammal,Pitymys_subterraneus,Mammal,Lynx_lynx,TRUE,TRUE,FALSE,FALSE,FALSE,FALSE,FALSE,FALSE
Mammal,Sciurus_vulgaris,Mammal,Lynx_lynx,FALSE,FALSE,FALSE,FALSE,FALSE,FALSE,FALSE,FALSE
Mammal,Sorex_araneus,Mammal,Lynx_lynx,TRUE,FALSE,FALSE,FALSE,FALSE,FALSE,FALSE,FALSE
Mammal,Sus_scrofa,Mammal,Lynx_lynx,FALSE,FALSE,FALSE,FALSE,FALSE,FALSE,FALSE,FALSE
Bird,Turdus_philomelos,Mammal,Lynx_lynx,FALSE,FALSE,FALSE,FALSE,TRUE,TRUE,TRUE,FALSE
Amphibian,Undet._amphibians,Mammal,Lynx_lynx,TRUE,FALSE,FALSE,FALSE,FALSE,FALSE,FALSE,FALSE
Bird,Undet._birds,Mammal,Lynx_lynx,FALSE,FALSE,FALSE,FALSE,FALSE,FALSE,FALSE,FALSE
Mammal,Apodemus_agrarius,Mammal,Martes_martes,TRUE,TRUE,TRUE,FALSE,FALSE,FALSE,FALSE,FALSE
Mammal,Apodemus_flavicollis,Mammal,Martes_martes,TRUE,TRUE,TRUE,TRUE,TRUE,TRUE,TRUE,TRUE
Mammal,Arvicola_terrestris,Mammal,Martes_martes,FALSE,FALSE,FALSE,FALSE,FALSE,FALSE,FALSE,FALSE
Mammal,Clethrionomys_glareolus,Mammal,Martes_martes,TRUE,TRUE,TRUE,TRUE,TRUE,TRUE,TRUE,TRUE
Bird,Coccothraustes_coccothraustes,Mammal,Martes_martes,FALSE,FALSE,FALSE,FALSE,FALSE,FALSE,FALSE,FALSE
Bird,Columba_palumbus,Mammal,Martes_martes,FALSE,FALSE,FALSE,FALSE,FALSE,FALSE,FALSE,FALSE
Bird,Dendrocopos_major,Mammal,Martes_martes,TRUE,FALSE,FALSE,FALSE,TRUE,FALSE,FALSE,FALSE
Mammal,Erinaceus_concolor,Mammal,Martes_martes,FALSE,FALSE,FALSE,FALSE,FALSE,FALSE,FALSE,FALSE
Bird,Erithacus_rubecula,Mammal,Martes_martes,FALSE,FALSE,FALSE,FALSE,TRUE,FALSE,FALSE,FALSE
Bird,Ficedula_hypoleuca,Mammal,Martes_martes,FALSE,FALSE,FALSE,FALSE,TRUE,FALSE,FALSE,FALSE
Bird,Garrulus_glandarius,Mammal,Martes_martes,FALSE,FALSE,FALSE,FALSE,FALSE,FALSE,FALSE,FALSE
Mammal,Glis_glis,Mammal,Martes_martes,FALSE,FALSE,FALSE,FALSE,FALSE,FALSE,FALSE,FALSE
Reptile,Lacerta_sp.,Mammal,Martes_martes,FALSE,FALSE,FALSE,FALSE,FALSE,FALSE,FALSE,FALSE
Mammal,Lepus_europaeus,Mammal,Martes_martes,FALSE,FALSE,FALSE,FALSE,FALSE,FALSE,FALSE,FALSE
Mammal,Micromys_minutus,Mammal,Martes_martes,TRUE,TRUE,FALSE,FALSE,FALSE,FALSE,FALSE,FALSE
Mammal,Microtus_agrestis,Mammal,Martes_martes,TRUE,TRUE,TRUE,FALSE,TRUE,TRUE,TRUE,FALSE
Mammal,Microtus_arvalis,Mammal,Martes_martes,TRUE,TRUE,TRUE,FALSE,TRUE,TRUE,TRUE,FALSE
Mammal,Microtus_oeconomus,Mammal,Martes_martes,TRUE,TRUE,TRUE,FALSE,TRUE,TRUE,TRUE,FALSE
Mammal,Neomys_fodiens,Mammal,Martes_martes,TRUE,FALSE,FALSE,FALSE,TRUE,FALSE,FALSE,FALSE
Bird,Parus_caeruleus,Mammal,Martes_martes,FALSE,FALSE,FALSE,FALSE,TRUE,TRUE,FALSE,FALSE
Mammal,Pitymys_subterraneus,Mammal,Martes_martes,TRUE,TRUE,TRUE,FALSE,TRUE,TRUE,TRUE,FALSE
Amphibian,Rana_temporaria,Mammal,Martes_martes,TRUE,FALSE,FALSE,FALSE,TRUE,FALSE,FALSE,FALSE
Mammal,Rattus_norvegicus,Mammal,Martes_martes,FALSE,FALSE,FALSE,FALSE,FALSE,FALSE,FALSE,FALSE
Mammal,Sciurus_vulgaris,Mammal,Martes_martes,FALSE,FALSE,FALSE,FALSE,FALSE,FALSE,FALSE,FALSE
Mammal,Sicista_betulina,Mammal,Martes_martes,TRUE,FALSE,FALSE,FALSE,TRUE,TRUE,FALSE,FALSE
Bird,Sitta_europaea,Mammal,Martes_martes,FALSE,FALSE,FALSE,FALSE,TRUE,FALSE,FALSE,FALSE
Mammal,Sorex_araneus,Mammal,Martes_martes,TRUE,TRUE,TRUE,FALSE,TRUE,TRUE,TRUE,FALSE
Mammal,Sorex_minutus,Mammal,Martes_martes,TRUE,TRUE,TRUE,FALSE,TRUE,TRUE,TRUE,FALSE
Bird,Sturnus_vulgaris,Mammal,Martes_martes,FALSE,FALSE,FALSE,FALSE,FALSE,FALSE,FALSE,FALSE
Mammal,Talpa_europaea,Mammal,Martes_martes,TRUE,TRUE,FALSE,FALSE,TRUE,FALSE,FALSE,FALSE
Bird,Troglodytes_troglodytes,Mammal,Martes_martes,FALSE,FALSE,FALSE,FALSE,TRUE,TRUE,FALSE,FALSE
Bird,Turdus_merula,Mammal,Martes_martes,FALSE,FALSE,FALSE,FALSE,FALSE,FALSE,FALSE,FALSE
Bird,Turdus_philomelos,Mammal,Martes_martes,FALSE,FALSE,FALSE,FALSE,TRUE,FALSE,FALSE,FALSE
Amphibian,Undet._amphibians,Mammal,Martes_martes,TRUE,TRUE,FALSE,FALSE,TRUE,TRUE,FALSE,FALSE
Mammal,Undet._bats,Mammal,Martes_martes,FALSE,FALSE,FALSE,FALSE,FALSE,FALSE,FALSE,FALSE
Bird,Undet._birds,Mammal,Martes_martes,TRUE,FALSE,FALSE,FALSE,TRUE,TRUE,FALSE,FALSE
Reptile,Anguis_fragilis,Mammal,Meles_meles,FALSE,FALSE,FALSE,FALSE,FALSE,FALSE,FALSE,FALSE
Amphibian,Bufo_sp.,Mammal,Meles_meles,FALSE,FALSE,FALSE,FALSE,TRUE,TRUE,TRUE,FALSE
Mammal,Clethrionomys_glareolus,Mammal,Meles_meles,FALSE,FALSE,FALSE,FALSE,TRUE,TRUE,FALSE,FALSE
Mammal,Erinaceus_concolor,Mammal,Meles_meles,FALSE,FALSE,FALSE,FALSE,TRUE,FALSE,FALSE,FALSE
Reptile,Lacerta_sp.,Mammal,Meles_meles,FALSE,FALSE,FALSE,FALSE,TRUE,FALSE,FALSE,FALSE
Other,Lumbricidae_sp.,Mammal,Meles_meles,TRUE,TRUE,TRUE,TRUE,TRUE,TRUE,TRUE,TRUE
Mammal,Microtus_arvalis,Mammal,Meles_meles,FALSE,FALSE,FALSE,FALSE,TRUE,TRUE,TRUE,FALSE
Mammal,Mus_musculus,Mammal,Meles_meles,FALSE,FALSE,FALSE,FALSE,TRUE,TRUE,FALSE,FALSE
Mammal,Pitymys_subterraneus,Mammal,Meles_meles,FALSE,FALSE,FALSE,FALSE,TRUE,TRUE,FALSE,FALSE
Amphibian,Rana_arvalis,Mammal,Meles_meles,FALSE,FALSE,FALSE,FALSE,TRUE,TRUE,TRUE,FALSE
Amphibian,Rana_temporaria,Mammal,Meles_meles,FALSE,FALSE,FALSE,FALSE,TRUE,TRUE,TRUE,FALSE
Mammal,Sorex_araneus,Mammal,Meles_meles,FALSE,FALSE,FALSE,FALSE,TRUE,TRUE,TRUE,FALSE
Mammal,Talpa_europaea,Mammal,Meles_meles,FALSE,FALSE,FALSE,FALSE,TRUE,TRUE,FALSE,FALSE
Bird,Turdus_philomelos,Mammal,Meles_meles,FALSE,FALSE,FALSE,FALSE,FALSE,FALSE,FALSE,FALSE
Amphibian,Undet._amphibians,Mammal,Meles_meles,FALSE,FALSE,FALSE,FALSE,TRUE,TRUE,TRUE,FALSE
Bird,Undet._birds,Mammal,Meles_meles,FALSE,FALSE,FALSE,FALSE,TRUE,FALSE,FALSE,FALSE
Mammal,Apodemus_flavicollis,Mammal,Mustela_erminea,TRUE,TRUE,TRUE,FALSE,TRUE,TRUE,TRUE,FALSE
Mammal,Clethrionomys_glareolus,Mammal,Mustela_erminea,TRUE,TRUE,TRUE,FALSE,TRUE,TRUE,TRUE,FALSE
Mammal,Microtus_oeconomus,Mammal,Mustela_erminea,TRUE,TRUE,TRUE,FALSE,TRUE,TRUE,TRUE,FALSE
Amphibian,Undet._amphibians,Mammal,Mustela_erminea,TRUE,TRUE,TRUE,FALSE,TRUE,TRUE,TRUE,FALSE
Mammal,Apodemus_flavicollis,Mammal,Mustela_nivalis,TRUE,TRUE,TRUE,FALSE,TRUE,TRUE,TRUE,FALSE
Mammal,Clethrionomys_glareolus,Mammal,Mustela_nivalis,TRUE,TRUE,TRUE,FALSE,TRUE,TRUE,TRUE,FALSE
Mammal,Microtus_oeconomus,Mammal,Mustela_nivalis,TRUE,TRUE,FALSE,FALSE,TRUE,TRUE,FALSE,FALSE
Bird,Sitta_europaea,Mammal,Mustela_nivalis,TRUE,FALSE,FALSE,FALSE,TRUE,FALSE,FALSE,FALSE
Mammal,Sorex_araneus,Mammal,Mustela_nivalis,TRUE,TRUE,TRUE,FALSE,TRUE,TRUE,TRUE,FALSE
Mammal,Talpa_europaea,Mammal,Mustela_nivalis,TRUE,FALSE,FALSE,FALSE,TRUE,FALSE,FALSE,FALSE
Amphibian,Undet._amphibians,Mammal,Mustela_nivalis,TRUE,FALSE,FALSE,FALSE,TRUE,FALSE,FALSE,FALSE
Bird,Undet._birds,Mammal,Mustela_nivalis,FALSE,FALSE,FALSE,FALSE,FALSE,FALSE,FALSE,FALSE
Mammal,Apodemus_flavicollis,Mammal,Mustela_putorius,TRUE,TRUE,TRUE,FALSE,TRUE,TRUE,TRUE,FALSE
Mammal,Clethrionomys_glareolus,Mammal,Mustela_putorius,TRUE,TRUE,FALSE,FALSE,TRUE,TRUE,TRUE,FALSE
Bird,Dendrocopos_major,Mammal,Mustela_putorius,FALSE,FALSE,FALSE,FALSE,FALSE,FALSE,FALSE,FALSE
Fish,Gasterosteus_aculeatus,Mammal,Mustela_putorius,TRUE,TRUE,FALSE,FALSE,TRUE,TRUE,TRUE,TRUE
Mammal,Micromys_minutus,Mammal,Mustela_putorius,TRUE,TRUE,FALSE,FALSE,FALSE,FALSE,FALSE,FALSE
Mammal,Microtus_agrestis,Mammal,Mustela_putorius,FALSE,FALSE,FALSE,FALSE,TRUE,TRUE,TRUE,FALSE
Mammal,Microtus_oeconomus,Mammal,Mustela_putorius,FALSE,FALSE,FALSE,FALSE,TRUE,TRUE,TRUE,FALSE
Mammal,Neomys_fodiens,Mammal,Mustela_putorius,TRUE,FALSE,FALSE,FALSE,TRUE,TRUE,TRUE,FALSE
Mammal,Pitymys_subterraneus,Mammal,Mustela_putorius,FALSE,FALSE,FALSE,FALSE,TRUE,TRUE,TRUE,FALSE
Amphibian,Rana_arvalis,Mammal,Mustela_putorius,TRUE,TRUE,TRUE,TRUE,TRUE,TRUE,TRUE,TRUE
Amphibian,Rana_temporaria,Mammal,Mustela_putorius,TRUE,TRUE,TRUE,TRUE,TRUE,TRUE,TRUE,TRUE
Mammal,Sorex_araneus,Mammal,Mustela_putorius,TRUE,TRUE,FALSE,FALSE,TRUE,TRUE,TRUE,FALSE
Mammal,Sorex_minutus,Mammal,Mustela_putorius,TRUE,TRUE,FALSE,FALSE,TRUE,TRUE,TRUE,TRUE
Mammal,Talpa_europaea,Mammal,Mustela_putorius,FALSE,FALSE,FALSE,FALSE,FALSE,FALSE,FALSE,FALSE
Bird,Turdus_merula,Mammal,Mustela_putorius,FALSE,FALSE,FALSE,FALSE,FALSE,FALSE,FALSE,FALSE
Bird,Undet._birds,Mammal,Mustela_putorius,FALSE,FALSE,FALSE,FALSE,TRUE,FALSE,FALSE,FALSE
Mammal,Apodemus_flavicollis,Mammal,Mustela_vison,FALSE,FALSE,FALSE,FALSE,FALSE,FALSE,FALSE,FALSE
Mammal,Arvicola_terrestris,Mammal,Mustela_vison,TRUE,TRUE,FALSE,FALSE,TRUE,TRUE,FALSE,FALSE
Other,Astacus_sp.,Mammal,Mustela_vison,TRUE,FALSE,FALSE,FALSE,FALSE,FALSE,FALSE,FALSE
Mammal,Clethrionomys_glareolus,Mammal,Mustela_vison,TRUE,TRUE,TRUE,FALSE,FALSE,FALSE,FALSE,FALSE
Fish,Esox_lucius,Mammal,Mustela_vison,TRUE,FALSE,FALSE,FALSE,TRUE,FALSE,FALSE,FALSE
Fish,Gasterosteus_aculeatus,Mammal,Mustela_vison,TRUE,TRUE,TRUE,TRUE,TRUE,TRUE,TRUE,TRUE
Fish,Gymnocephalus_cernuus,Mammal,Mustela_vison,TRUE,TRUE,FALSE,FALSE,TRUE,TRUE,TRUE,FALSE
Fish,Lota_lota,Mammal,Mustela_vison,FALSE,FALSE,FALSE,FALSE,TRUE,FALSE,FALSE,FALSE
Mammal,Microtus_oeconomus,Mammal,Mustela_vison,TRUE,TRUE,TRUE,TRUE,TRUE,TRUE,TRUE,FALSE
Mammal,Neomys_fodiens,Mammal,Mustela_vison,TRUE,TRUE,TRUE,FALSE,TRUE,TRUE,TRUE,FALSE
Mammal,Pitymys_subterraneus,Mammal,Mustela_vison,TRUE,TRUE,FALSE,FALSE,FALSE,FALSE,FALSE,FALSE
Amphibian,Rana_temporaria,Mammal,Mustela_vison,TRUE,TRUE,TRUE,TRUE,TRUE,TRUE,TRUE,TRUE
Fish,Rutilus_rutilus,Mammal,Mustela_vison,TRUE,TRUE,TRUE,FALSE,TRUE,TRUE,TRUE,TRUE
Mammal,Sicista_betulina,Mammal,Mustela_vison,FALSE,FALSE,FALSE,FALSE,FALSE,FALSE,FALSE,FALSE
Mammal,Sorex_araneus,Mammal,Mustela_vison,TRUE,TRUE,FALSE,FALSE,TRUE,TRUE,TRUE,FALSE
Mammal,Talpa_europaea,Mammal,Mustela_vison,TRUE,TRUE,FALSE,FALSE,FALSE,FALSE,FALSE,FALSE
Amphibian,Undet._amphibians,Mammal,Mustela_vison,TRUE,TRUE,TRUE,FALSE,FALSE,FALSE,FALSE,FALSE
Bird,Undet._birds,Mammal,Mustela_vison,FALSE,FALSE,FALSE,FALSE,FALSE,FALSE,FALSE,FALSE
Bird,Anas_sp.,Mammal,Nyctereutes_procyonoides,FALSE,FALSE,FALSE,FALSE,TRUE,FALSE,FALSE,FALSE
Mammal,Apodemus_flavicollis,Mammal,Nyctereutes_procyonoides,TRUE,TRUE,FALSE,FALSE,FALSE,FALSE,FALSE,FALSE
Mammal,Arvicola_terrestris,Mammal,Nyctereutes_procyonoides,FALSE,FALSE,FALSE,FALSE,TRUE,FALSE,FALSE,FALSE
Amphibian,Bufo_sp.,Mammal,Nyctereutes_procyonoides,TRUE,TRUE,FALSE,FALSE,TRUE,TRUE,FALSE,FALSE
Other,Carcass,Mammal,Nyctereutes_procyonoides,TRUE,TRUE,TRUE,TRUE,TRUE,TRUE,TRUE,TRUE
Mammal,Clethrionomys_glareolus,Mammal,Nyctereutes_procyonoides,TRUE,TRUE,TRUE,FALSE,TRUE,TRUE,TRUE,TRUE
Bird,Cygnus_sp.,Mammal,Nyctereutes_procyonoides,FALSE,FALSE,FALSE,FALSE,FALSE,FALSE,FALSE,FALSE
Bird,Garrulus_glandarius,Mammal,Nyctereutes_procyonoides,TRUE,FALSE,FALSE,FALSE,TRUE,TRUE,TRUE,FALSE
Reptile,Lacerta_sp.,Mammal,Nyctereutes_procyonoides,TRUE,TRUE,FALSE,FALSE,FALSE,FALSE,FALSE,FALSE
Mammal,Lepus_europaeus,Mammal,Nyctereutes_procyonoides,FALSE,FALSE,FALSE,FALSE,FALSE,FALSE,FALSE,FALSE
Mammal,Microtus_oeconomus,Mammal,Nyctereutes_procyonoides,TRUE,TRUE,TRUE,FALSE,TRUE,FALSE,FALSE,FALSE
Mammal,Neomys_fodiens,Mammal,Nyctereutes_procyonoides,TRUE,TRUE,TRUE,FALSE,TRUE,TRUE,TRUE,FALSE
Amphibian,Rana_temporaria,Mammal,Nyctereutes_procyonoides,TRUE,TRUE,TRUE,FALSE,TRUE,TRUE,TRUE,TRUE
Mammal,Sorex_araneus,Mammal,Nyctereutes_procyonoides,TRUE,TRUE,TRUE,FALSE,TRUE,TRUE,TRUE,TRUE
Mammal,Talpa_europaea,Mammal,Nyctereutes_procyonoides,TRUE,FALSE,FALSE,FALSE,TRUE,FALSE,FALSE,FALSE
Amphibian,Undet._amphibians,Mammal,Nyctereutes_procyonoides,TRUE,TRUE,FALSE,FALSE,TRUE,TRUE,TRUE,FALSE
Bird,Undet._birds,Mammal,Nyctereutes_procyonoides,FALSE,FALSE,FALSE,FALSE,TRUE,TRUE,FALSE,FALSE
Bird,Columba_palumbus,Bird,Pernis_apivorus,FALSE,FALSE,FALSE,FALSE,FALSE,FALSE,FALSE,FALSE
Bird,Erithacus_rubecula,Bird,Pernis_apivorus,FALSE,FALSE,FALSE,FALSE,TRUE,FALSE,FALSE,FALSE
Other,Hymenoptera,Bird,Pernis_apivorus,TRUE,TRUE,TRUE,TRUE,TRUE,TRUE,TRUE,TRUE
Amphibian,Rana_temporaria,Bird,Pernis_apivorus,FALSE,FALSE,FALSE,FALSE,TRUE,TRUE,FALSE,FALSE
Mammal,Sorex_araneus,Bird,Pernis_apivorus,FALSE,FALSE,FALSE,FALSE,TRUE,FALSE,FALSE,FALSE
Mammal,Talpa_europaea,Bird,Pernis_apivorus,FALSE,FALSE,FALSE,FALSE,FALSE,FALSE,FALSE,FALSE
Bird,Turdus_merula,Bird,Pernis_apivorus,FALSE,FALSE,FALSE,FALSE,FALSE,FALSE,FALSE,FALSE
Bird,Turdus_philomelos,Bird,Pernis_apivorus,FALSE,FALSE,FALSE,FALSE,FALSE,FALSE,FALSE,FALSE
Bird,Acrocephalus_sp.,Bird,Strix_aluco,FALSE,FALSE,FALSE,FALSE,TRUE,FALSE,FALSE,FALSE
Bird,Anthus_sp.,Bird,Strix_aluco,FALSE,FALSE,FALSE,FALSE,FALSE,FALSE,FALSE,FALSE
Mammal,Apodemus_agrarius,Bird,Strix_aluco,TRUE,FALSE,FALSE,FALSE,FALSE,FALSE,FALSE,FALSE
Mammal,Apodemus_flavicollis,Bird,Strix_aluco,TRUE,TRUE,TRUE,FALSE,TRUE,TRUE,TRUE,FALSE
Mammal,Apodemus_sylvaticus,Bird,Strix_aluco,TRUE,FALSE,FALSE,FALSE,TRUE,FALSE,FALSE,FALSE
Mammal,Arvicola_terrestris,Bird,Strix_aluco,FALSE,FALSE,FALSE,FALSE,FALSE,FALSE,FALSE,FALSE
Bird,Carduelis_carduelis,Bird,Strix_aluco,TRUE,FALSE,FALSE,FALSE,FALSE,FALSE,FALSE,FALSE
Mammal,Clethrionomys_glareolus,Bird,Strix_aluco,TRUE,TRUE,TRUE,TRUE,TRUE,TRUE,TRUE,FALSE
Bird,Coccothraustes_coccothraustes,Bird,Strix_aluco,FALSE,FALSE,FALSE,FALSE,FALSE,FALSE,FALSE,FALSE
Mammal,Dryomys_nitedula,Bird,Strix_aluco,FALSE,FALSE,FALSE,FALSE,TRUE,FALSE,FALSE,FALSE
Bird,Erithacus_rubecula,Bird,Strix_aluco,FALSE,FALSE,FALSE,FALSE,FALSE,FALSE,FALSE,FALSE
Bird,Ficedula_albicollis,Bird,Strix_aluco,FALSE,FALSE,FALSE,FALSE,FALSE,FALSE,FALSE,FALSE
Bird,Fringilla_coelebs,Bird,Strix_aluco,FALSE,FALSE,FALSE,FALSE,TRUE,FALSE,FALSE,FALSE
Bird,Garrulus_glandarius,Bird,Strix_aluco,FALSE,FALSE,FALSE,FALSE,TRUE,FALSE,FALSE,FALSE
Mammal,Glis_glis,Bird,Strix_aluco,FALSE,FALSE,FALSE,FALSE,TRUE,FALSE,FALSE,FALSE
Mammal,Lepus_europaeus,Bird,Strix_aluco,FALSE,FALSE,FALSE,FALSE,FALSE,FALSE,FALSE,FALSE
Mammal,Micromys_minutus,Bird,Strix_aluco,TRUE,FALSE,FALSE,FALSE,TRUE,FALSE,FALSE,FALSE
Mammal,Microtus_agrestis,Bird,Strix_aluco,TRUE,TRUE,FALSE,FALSE,TRUE,TRUE,FALSE,FALSE
Mammal,Microtus_arvalis,Bird,Strix_aluco,TRUE,TRUE,FALSE,FALSE,TRUE,TRUE,FALSE,FALSE
Mammal,Microtus_oeconomus,Bird,Strix_aluco,TRUE,TRUE,TRUE,FALSE,TRUE,TRUE,TRUE,FALSE
Mammal,Mus_musculus,Bird,Strix_aluco,FALSE,FALSE,FALSE,FALSE,FALSE,FALSE,FALSE,FALSE
Mammal,Neomys_anomalus,Bird,Strix_aluco,FALSE,FALSE,FALSE,FALSE,FALSE,FALSE,FALSE,FALSE
Mammal,Neomys_fodiens,Bird,Strix_aluco,TRUE,FALSE,FALSE,FALSE,FALSE,FALSE,FALSE,FALSE
Bird,Parus_major,Bird,Strix_aluco,FALSE,FALSE,FALSE,FALSE,TRUE,FALSE,FALSE,FALSE
Amphibian,Pelobates_fuscus,Bird,Strix_aluco,FALSE,FALSE,FALSE,FALSE,FALSE,FALSE,FALSE,FALSE
Mammal,Pitymys_subterraneus,Bird,Strix_aluco,TRUE,TRUE,FALSE,FALSE,TRUE,TRUE,FALSE,FALSE
Bird,Pyrrhula_pyrrhula,Bird,Strix_aluco,FALSE,FALSE,FALSE,FALSE,FALSE,FALSE,FALSE,FALSE
Amphibian,Rana_arvalis,Bird,Strix_aluco,TRUE,TRUE,TRUE,FALSE,TRUE,TRUE,TRUE,FALSE
Amphibian,Rana_temporaria,Bird,Strix_aluco,TRUE,TRUE,FALSE,FALSE,TRUE,TRUE,TRUE,FALSE
Mammal,Rattus_norvegicus,Bird,Strix_aluco,TRUE,FALSE,FALSE,FALSE,FALSE,FALSE,FALSE,FALSE
Bird,Regulus_regulus,Bird,Strix_aluco,FALSE,FALSE,FALSE,FALSE,FALSE,FALSE,FALSE,FALSE
Mammal,Sicista_betulina,Bird,Strix_aluco,FALSE,FALSE,FALSE,FALSE,TRUE,FALSE,FALSE,FALSE
Bird,Sitta_europaea,Bird,Strix_aluco,FALSE,FALSE,FALSE,FALSE,FALSE,FALSE,FALSE,FALSE
Mammal,Sorex_araneus,Bird,Strix_aluco,TRUE,TRUE,TRUE,FALSE,TRUE,TRUE,TRUE,FALSE
Mammal,Sorex_minutus,Bird,Strix_aluco,TRUE,TRUE,FALSE,FALSE,TRUE,TRUE,TRUE,FALSE
Bird,Sylvia_atricapilla,Bird,Strix_aluco,FALSE,FALSE,FALSE,FALSE,FALSE,FALSE,FALSE,FALSE
Mammal,Talpa_europaea,Bird,Strix_aluco,TRUE,FALSE,FALSE,FALSE,TRUE,TRUE,FALSE,FALSE
Bird,Troglodytes_troglodytes,Bird,Strix_aluco,FALSE,FALSE,FALSE,FALSE,TRUE,FALSE,FALSE,FALSE
Bird,Turdus_iliacus,Bird,Strix_aluco,FALSE,FALSE,FALSE,FALSE,TRUE,FALSE,FALSE,FALSE
Bird,Turdus_merula,Bird,Strix_aluco,FALSE,FALSE,FALSE,FALSE,TRUE,FALSE,FALSE,FALSE
Bird,Turdus_philomelos,Bird,Strix_aluco,FALSE,FALSE,FALSE,FALSE,TRUE,FALSE,FALSE,FALSE
Bird,Undet._birds,Bird,Strix_aluco,FALSE,FALSE,FALSE,FALSE,TRUE,FALSE,FALSE,FALSE
Mammal,Apodemus_agrarius,Mammal,Vulpes_vulpes,TRUE,TRUE,TRUE,FALSE,FALSE,FALSE,FALSE,FALSE
Mammal,Apodemus_flavicollis,Mammal,Vulpes_vulpes,TRUE,TRUE,TRUE,FALSE,TRUE,TRUE,TRUE,TRUE
Mammal,Arvicola_terrestris,Mammal,Vulpes_vulpes,FALSE,FALSE,FALSE,FALSE,TRUE,FALSE,FALSE,FALSE
Bird,Bonasa_bonasia,Mammal,Vulpes_vulpes,FALSE,FALSE,FALSE,FALSE,FALSE,FALSE,FALSE,FALSE
Other,Carcass,Mammal,Vulpes_vulpes,TRUE,TRUE,TRUE,TRUE,TRUE,TRUE,TRUE,TRUE
Mammal,Clethrionomys_glareolus,Mammal,Vulpes_vulpes,TRUE,TRUE,TRUE,TRUE,TRUE,TRUE,TRUE,TRUE
Bird,Coccothraustes_coccothraustes,Mammal,Vulpes_vulpes,FALSE,FALSE,FALSE,FALSE,TRUE,FALSE,FALSE,FALSE
Bird,Dendrocopos_major,Mammal,Vulpes_vulpes,TRUE,FALSE,FALSE,FALSE,FALSE,FALSE,FALSE,FALSE
Bird,Emberiza_citrinella,Mammal,Vulpes_vulpes,TRUE,FALSE,FALSE,FALSE,FALSE,FALSE,FALSE,FALSE
Bird,Erithacus_rubecula,Mammal,Vulpes_vulpes,FALSE,FALSE,FALSE,FALSE,FALSE,FALSE,FALSE,FALSE
Bird,Fringilla_coelebs,Mammal,Vulpes_vulpes,FALSE,FALSE,FALSE,FALSE,TRUE,FALSE,FALSE,FALSE
Bird,Garrulus_glandarius,Mammal,Vulpes_vulpes,TRUE,FALSE,FALSE,FALSE,FALSE,FALSE,FALSE,FALSE
Mammal,Glis_glis,Mammal,Vulpes_vulpes,FALSE,FALSE,FALSE,FALSE,FALSE,FALSE,FALSE,FALSE
Reptile,Lacerta_sp.,Mammal,Vulpes_vulpes,FALSE,FALSE,FALSE,FALSE,TRUE,FALSE,FALSE,FALSE
Mammal,Lepus_europaeus,Mammal,Vulpes_vulpes,TRUE,FALSE,FALSE,FALSE,TRUE,FALSE,FALSE,FALSE
Mammal,Micromys_minutus,Mammal,Vulpes_vulpes,TRUE,TRUE,FALSE,FALSE,TRUE,FALSE,FALSE,FALSE
Mammal,Microtus_agrestis,Mammal,Vulpes_vulpes,TRUE,TRUE,TRUE,TRUE,TRUE,TRUE,TRUE,TRUE
Mammal,Microtus_arvalis,Mammal,Vulpes_vulpes,TRUE,TRUE,TRUE,TRUE,TRUE,TRUE,TRUE,TRUE
Mammal,Microtus_oeconomus,Mammal,Vulpes_vulpes,TRUE,TRUE,TRUE,TRUE,TRUE,TRUE,TRUE,TRUE
Mammal,Neomys_fodiens,Mammal,Vulpes_vulpes,TRUE,TRUE,FALSE,FALSE,TRUE,FALSE,FALSE,FALSE
Bird,Parus_major,Mammal,Vulpes_vulpes,FALSE,FALSE,FALSE,FALSE,FALSE,FALSE,FALSE,FALSE
Mammal,Pitymys_subterraneus,Mammal,Vulpes_vulpes,TRUE,FALSE,FALSE,FALSE,TRUE,TRUE,FALSE,FALSE
Bird,Pyrrhula_pyrrhula,Mammal,Vulpes_vulpes,FALSE,FALSE,FALSE,FALSE,TRUE,FALSE,FALSE,FALSE
Mammal,Rattus_norvegicus,Mammal,Vulpes_vulpes,TRUE,FALSE,FALSE,FALSE,FALSE,FALSE,FALSE,FALSE
Mammal,Sciurus_vulgaris,Mammal,Vulpes_vulpes,FALSE,FALSE,FALSE,FALSE,FALSE,FALSE,FALSE,FALSE
Mammal,Sicista_betulina,Mammal,Vulpes_vulpes,FALSE,FALSE,FALSE,FALSE,TRUE,FALSE,FALSE,FALSE
Mammal,Sorex_araneus,Mammal,Vulpes_vulpes,TRUE,TRUE,TRUE,FALSE,TRUE,TRUE,TRUE,FALSE
Mammal,Sorex_minutus,Mammal,Vulpes_vulpes,TRUE,TRUE,TRUE,FALSE,TRUE,TRUE,TRUE,FALSE
Mammal,Talpa_europaea,Mammal,Vulpes_vulpes,TRUE,TRUE,FALSE,FALSE,TRUE,FALSE,FALSE,FALSE
Bird,Troglodytes_troglodytes,Mammal,Vulpes_vulpes,TRUE,FALSE,FALSE,FALSE,FALSE,FALSE,FALSE,FALSE
Bird,Turdus_philomelos,Mammal,Vulpes_vulpes,FALSE,FALSE,FALSE,FALSE,TRUE,FALSE,FALSE,FALSE
Amphibian,Undet._amphibians,Mammal,Vulpes_vulpes,FALSE,FALSE,FALSE,FALSE,TRUE,FALSE,FALSE,FALSE
Bird,Undet._birds,Mammal,Vulpes_vulpes,FALSE,FALSE,FALSE,FALSE,TRUE,FALSE,FALSE,FALSE
